,data set,t_celoe,t_spacel,t_alcsat,a_celoe,a_spacel,a_alcsat
0,yago_language_8_100,84.48320508003235,0.5816056728363037,2.825057029724121,100,1,1
1,yago_language_9_100,6.853820801,0.5318789482116699,0.072072744,100,1,1
2,yago_language_10_100,4.174887180328369,0.5222001075744629,0.4428701400756836,100,1,1
3,yago_language_2_100,1.467914104,0.5644290447235107,0.11345529556274414,100,1,1
4,yago_language_3_100,20.023789882659912,0.61118722,0.402310848,100,1,1
5,yago_language_1_100,1.8665437698364258,0.5388960838317871,0.073935747,100,1,1
6,yago_language_4_100,37.99340200424194,0.5901169776916504,0.39996790885925293,100,1,1
7,yago_language_5_100,301.35878682136536,0.5662178993225098,2.1199400424957275,91.5,1,1
8,yago_language_7_100,30.685734033584595,0.6071197986602783,0.38706517219543457,100,1,1