,data set,t_alcsat,a_alcsat
0,yago_language_8_100,11.567293167114258,1.0
1,yago_language_9_100,0.1438148021697998,1.0
2,yago_language_10_100,0.8081181049346924,1.0
3,yago_language_2_100,0.0753180980682373,1.0
4,yago_language_3_100,0.6822490692138672,1.0
5,yago_language_1_100,0.19909095764160156,1.0
6,yago_language_4_100,0.6644179821014404,1.0
7,yago_language_5_100,7.735050201416016,1.0
8,yago_language_7_100,0.5892970561981201,1.0
