,data set,t_celoe,t_evo,t_spacel,t_alcsat,a_celoe,a_evo,a_spacel,a_alcsat
0,yago_family_and_paths_4-2_var4_100,46.22145986557007,7.750126838684082,0.9187729358673096,27.253888845443726,100.0,0.995,1.0,1.0
1,yago_family_and_paths_4-2_var5_100,301.80195212364197,8.941326141357422,1.4112341403961182,754.9088859558105,99.5,0.955,1.0,0.0
2,yago_family_and_paths_4-2_var2_100,1.9617650508880615,5.563175201416016,1.002563714981079,3.1005733013153076,100.0,1.0,0.4943820224719101,1.0
3,yago_family_and_paths_4-2_var3_100,5.101639986038208,6.343663930892944,0.8706820011138916,3.7409589290618896,100.0,0.995,1.0,1.0
4,yago_family_and_paths_4-2_var1_100,9.515406131744385,8.26672101020813,1.2441191673278809,98.97439289093018,100.0,0.975,1.0,1.0
