,data set,t_celoe,t_evo,t_spacel,t_alcsat,a_celoe,a_evo,a_spacel,a_alcsat
0,yago_family_and_paths_4-2_var5_200,2.568690299987793,7.878432989120483,4.313604831695557,213.54084515571594,100.0,0.9575,1.0,1.0
1,yago_family_and_paths_4-2_var4_200,2.7289481163024902,7.336434841156006,1.524367094039917,725.1016819477081,100.0,0.9825,1.0,0.0
2,yago_family_and_paths_4-2_var3_200,302.03184723854065,6.829303026199341,1.4075901508331299,311.4023048877716,99.5,0.9825,1.0,1.0
3,yago_family_and_paths_4-2_var2_200,3.2836148738861084,8.06338906288147,3.997093915939331,1667.3442859649658,100.0,0.9825,1.0,0.0
4,yago_family_and_paths_4-2_var1_200,3.2341299057006836,8.253550052642822,1.509324073791504,146.88052105903625,100.0,0.985,1.0,1.0
