,data set,t_celoe,t_evo,t_spacel,t_alcsat,a_celoe,a_evo,a_spacel,a_alcsat
0,yago_family_and_paths_4-2_var3_50,4.841331958770752,2.816915273666382,0.7777137756347656,1.016772985458374,100.0,1.0,1.0,1.0
1,yago_family_and_paths_4-2_var2_50,1.9215679168701172,6.930868148803711,0.8015651702880859,2.7516732215881348,100.0,0.99,1.0,1.0
2,yago_family_and_paths_4-2_var1_50,1.918186902999878,5.882004976272583,0.7558457851409912,2.8007729053497314,100.0,0.97,1.0,1.0
3,yago_family_and_paths_4-2_var5_50,1.9748599529266357,7.179238796234131,1.1542692184448242,86.31656885147095,100.0,0.97,1.0,1.0
4,yago_family_and_paths_4-2_var4_50,23.067731142044067,2.2280869483947754,0.6876790523529053,0.43398523330688477,100.0,1.0,0.6774193548387096,1.0
