,data set,t_alcsat,a_alcsat
0,yago_language_9_200,0.4644451141357422,1.0
1,yago_language_8_200,111.5103850364685,1.0
2,yago_language_3_200,2.9699172973632812,1.0
3,yago_language_2_200,0.456939697265625,1.0
4,yago_language_1_200,1.6182410717010498,1.0
5,yago_language_5_200,127.47707986831665,1.0
6,yago_language_4_200,2.5123088359832764,1.0
7,yago_language_10_200,1.3626141548156738,1.0
