,data set,t_celoe,t_spacel,t_alcsat,a_celoe,a_spacel,a_alcsat
0,yago_language_9_200,54.65067768096924,0.585639238,0.20149612426757812,100,1,1
1,yago_language_8_200,301.42433977127075,0.7338700294494629,27.43556499481201,99,1,1
2,yago_language_3_200,48.76003885269165,0.7429611682891846,1.5595929622650146,100,1,1
3,yago_language_2_200,9.280681133270264,0.6584339141845703,0.18253326416015625,100,1,1
4,yago_language_1_200,301.4182782173157,5.036824941635132,0.7392821311950684,99.75,1,1
5,yago_language_5_200,301.44882702827454,0.6467840671539307,15.231303930282593,91.25,0.997093023,1
6,yago_language_4_200,53.613707065582275,0.722714901,1.326092243,100,1,1
7,yago_language_10_200,8.292881012,0.6276190280914307,0.6503851413726807,100,0.5236686390532544,1