,data set,t_celoe,t_spacel,t_alcsat,a_celoe,a_spacel,a_alcsat
0,yago_language_8_50,301.4981369972229,0.6452679634094238,0.6299188137054443,99,1,1
1,yago_language_9_50,2.512040138244629,0.49257898330688477,0.09028101,100,0.5,1
2,yago_language_2_50,2.309584140777588,0.4991190433502197,0.04275775,100,0.9659090909090909,1
3,yago_language_7_50,7.5929648876190186,0.5240981578826904,0.1013178825378418,100,1,1
4,yago_language_4_50,301.3193430900574,0.5230281352996826,0.4317750930786133,99,1,1
5,yago_language_5_50,301.9074239730835,0.5199530124664307,2.019277811050415,96,0.9893617021276596,1
6,yago_language_10_50,301.29509115219116,0.5258021354675293,0.30616331100463867,99,1,1
7,yago_language_1_50,30.35659694671631,0.5221350193023682,0.26324009895324707,100,1,1