,data set,t_alcsat,a_alcsat
0,yago_language_8_50,1.2205970287322998,1.0
1,yago_language_9_50,0.07702922821044922,1.0
2,yago_language_2_50,0.11077404022216797,1.0
3,yago_language_7_50,0.15721607208251953,1.0
4,yago_language_4_50,0.866894006729126,1.0
5,yago_language_5_50,3.879112958908081,1.0
6,yago_language_10_50,0.5811300277709961,1.0
7,yago_language_1_50,0.42522287368774414,1.0
