,data set,t_celoe,t_evo,t_spacel,t_alcsat,a_celoe,a_evo,a_spacel,a_alcsat
0,yago_family_m_and_f_3-descendant_p50-n50,1.9972999095916748,8.552984237670898,0.9126138687133789,0.5137789249420166,100.0,1.0,1.0,1.0
1,yago_family_m_and_f_8-descendant_p50-n50,302.3558840751648,45.33268618583679,2.320286989212036,39.31850075721741,98.0,1.0,1.0,1.0
2,yago_family_m_and_f_5-descendant_p50-n50,12.652364015579224,35.58470392227173,1.309333324432373,4.150165796279907,100.0,1.0,1.0,1.0
3,yago_family_m_and_f_6-descendant_p50-n50,301.93616580963135,208.60425305366516,1.171057939529419,9.97527003288269,99.0,1.0,1.0,1.0
4,yago_family_m_and_f_7-descendant_p50-n50,302.1014258861542,53.06436085700989,1.4852030277252197,29.628746032714844,98.0,1.0,1.0,1.0
5,yago_family_m_and_f_4-descendant_p50-n50,3.4241859912872314,10.173774003982544,1.0688340663909912,1.2680408954620361,100.0,1.0,1.0,1.0
6,yago_family_m_and_f_2-descendant_p50-n50,1.635817050933838,4.9377641677856445,0.6288061141967773,0.15514898300170898,100.0,1.0,1.0,1.0
7,yago_family_m_and_f_1-descendant_p50-n50,1.5738379955291748,0.295485258102417,0.5166821479797363,0.034899234771728516,100.0,1.0,0.7528089887640449,1.0
