,data set,t_celoe,t_evo,t_spacel,t_alcsat,a_celoe,a_evo,a_spacel,a_alcsat
0,yago_family_m_and_f_3-descendant_p100-n100,3.002624988555908,5.867056846618652,1.3371591567993164,1.3554959297180176,100.0,0.98,1.0,1.0
1,yago_family_m_and_f_6-descendant_p100-n100,302.4061498641968,7.42338490486145,1.5687589645385742,17.025625705718994,99.5,0.96,1.0,1.0
2,yago_family_m_and_f_8-descendant_p100-n100,302.6642529964447,9.643671035766602,4.396002769470215,104.28415989875793,99.0,0.97,1.0,1.0
3,yago_family_m_and_f_2-descendant_p100-n100,2.115065813064575,5.206149101257324,0.816349983215332,0.35185980796813965,100.0,0.965,1.0,1.0
4,yago_family_m_and_f_7-descendant_p100-n100,302.6545069217682,9.500130891799927,12.698732137680054,33.72608423233032,98.5,0.965,1.0,1.0
5,yago_family_m_and_f_4-descendant_p100-n100,3.7358670234680176,7.3045079708099365,1.9642198085784912,2.828428030014038,100.0,0.99,1.0,1.0
6,yago_family_m_and_f_1-descendant_p100-n100,1.648756980895996,0.5465679168701172,0.5748879909515381,0.06424689292907715,100.0,1.0,1.0,1.0
7,yago_family_m_and_f_5-descendant_p100-n100,51.350143909454346,7.2660439014434814,3.5787301063537598,8.076775074005127,100.0,0.945,1.0,1.0
