,data set,t_celoe,t_evo,t_spacel,t_alcsat,a_celoe,a_evo,a_spacel,a_alcsat
0,yago_family_onyl_f_descendant_depth2_p50-n50,2.316287040710449,0.5602447986602783,0.5633270740509033,0.3151721954345703,100.0,1.0,1.0,1.0
1,yago_family_onyl_f_descendant_depth1_p50-n50,67.04481887817383,5.2302470207214355,0.5325160026550293,1.3709287643432617,100.0,0.99,0.9213483146067416,1.0
