,EvoLearner,Sparcel,ALCSAT,ALCSAT+TE,ALCSAT+TT,ALCSAT+TE+TT
0,1.0,0.967741935483871,1.0,0.725,1.0,1.0
1,1.0,0.9193548387096770,1.0,0.645,0.645,0.6
2,0.935,0.9239130434782610,1.0,1.0,0.61,0.61