,data set,t_celoe,t_evo,t_spacel,t_alcsat,a_celoe,a_evo,a_spacel,a_alcsat
0,yago_family_m_and_f_5-descendant_p200-n200,123.13789987564087,68.06386590003967,9.07172417640686,13.851898193359375,100.0,1.0,1.0,1.0
1,yago_family_m_and_f_4-descendant_p200-n200,21.654109001159668,26.73897910118103,3.375638008117676,7.47527813911438,100.0,1.0,1.0,1.0
2,yago_family_m_and_f_1-descendant_p200-n200,1.7612202167510986,0.8898098468780518,0.5863637924194336,0.12933111190795898,100.0,1.0,1.0,1.0
3,yago_family_m_and_f_8-descendant_p200-n200,302.8922972679138,158.7515778541565,17.881457805633545,169.3157980442047,99.0,1.0,1.0,1.0
4,yago_family_m_and_f_2-descendant_p200-n200,2.1326820850372314,2.5652050971984863,0.8474130630493164,0.6062829494476318,100.0,1.0,1.0,1.0
5,yago_family_m_and_f_7-descendant_p200-n200,303.00217509269714,91.20109105110168,62.00836515426636,56.188087701797485,99.25,1.0,0.9944903581267218,1.0
6,yago_family_m_and_f_3-descendant_p200-n200,3.1941800117492676,29.118141889572144,2.043689012527466,2.411985158920288,100.0,1.0,1.0,1.0
7,yago_family_m_and_f_6-descendant_p200-n200,303.16184878349304,92.64139199256897,60.435054063797,29.420807123184204,99.0,1.0,1.0,1.0
