,data set,t_celoe,t_evo,t_spacel,t_alcsat,a_celoe,a_evo,a_spacel,a_alcsat
0,yago_family_and_paths_d3_8-5,301.81667304039,5.792770147323608,1.0653347969055176,2835.529947042465,98.0,0.97,1.0,1.0
1,yago_family_and_paths_d3_8-4,78.44762992858887,7.270564079284668,0.9857208728790283,90.41902685165405,100.0,0.98,1.0,1.0
2,yago_family_and_paths_d3_8-6,7.817211151123047,6.586997032165527,1.1392810344696045,3.0890111923217773,100.0,0.96,1.0,1.0
3,yago_family_and_paths_d3_8-7,2.964897632598877,0.9617390632629395,0.7090339660644531,1.1052768230438232,100.0,1.0,1.0,1.0
